Time; Refractive Index; Temperature; Comment
     0.000;0.0000e+000;1.9302e+001;
     2.003;1.4188e-006;1.9300e+001;
     4.005;-4.6728e-007;1.9312e+001;
     6.008;-1.7050e-006;1.9299e+001;
     8.010;7.5503e-006;1.9303e+001;
    10.013;4.1009e-006;1.9296e+001;
    12.016;-5.6362e-006;1.9309e+001;
    14.018;-3.1857e-006;1.9291e+001;
    16.021;1.2711e-006;1.9296e+001;
    18.023;4.9168e-006;1.9286e+001;
    20.026;-1.2962e-006;1.9305e+001;
    22.028;-3.0076e-006;1.9295e+001;
    24.091;2.5426e-006;1.9292e+001;
    26.094;2.8697e-006;1.9295e+001;
    28.097;-9.2450e-006;1.9299e+001;
    30.099;4.9705e-006;1.9309e+001;
    32.041;4.4485e-006;1.9293e+001;
    34.043;-4.8654e-006;1.9304e+001;
    36.046;-2.7923e-006;1.9290e+001;
    38.049;4.3051e-006;1.9303e+001;
    40.051;9.5930e-007;1.9289e+001;
    42.054;-5.1347e-007;1.9288e+001;
    44.117;-2.0690e-006;1.9305e+001;
    46.059;2.5784e-007;1.9286e+001;
    48.061;-3.3945e-006;1.9279e+001;
    50.064;3.5153e-006;1.9290e+001;
    52.066;3.6101e-006;1.9283e+001;
    54.069;-1.0473e-005;1.9292e+001;
    56.071;-9.8126e-006;1.9287e+001;
    58.074;-1.5674e-005;1.9272e+001;
    60.076;-3.1920e-006;1.9286e+001;
    62.079;-1.1394e-005;1.9296e+001;
    64.081;4.8148e-006;1.9280e+001;
    66.084;-4.2274e-006;1.9297e+001;
    68.087;-3.1432e-006;1.9302e+001;
    70.089;4.4649e-006;1.9272e+001;
    72.092;-4.0571e-006;1.9296e+001;
    74.094;2.4671e-006;1.9296e+001;
    76.097;1.4447e-007;1.9292e+001;
    78.160;8.9922e-007;1.9283e+001;
    80.041;5.7286e-006;1.9278e+001;
    82.104;5.3871e-006;1.9267e+001;
    84.046;2.9431e-006;1.9284e+001;
    86.049;-8.0647e-007;1.9286e+001;
    88.051;-9.3717e-006;1.9280e+001;
    90.054;-7.3010e-006;1.9288e+001;
    92.056;-2.7310e-006;1.9292e+001;
    94.059;8.2004e-007;1.9276e+001;
    96.061;-7.4517e-006;1.9279e+001;
    98.064;-7.1996e-007;1.9289e+001;
   100.066;-1.0826e-005;1.9275e+001;
   102.069;-8.6877e-006;1.9292e+001;
   104.072;-7.9823e-006;1.9295e+001;
   106.074;-6.6685e-006;1.9265e+001;
   108.077;-6.6216e-006;1.9293e+001;
   110.140;2.4015e-006;1.9287e+001;
   112.082;-9.0883e-006;1.9281e+001;
   114.084;-9.3242e-006;1.9283e+001;
   116.087;-4.9112e-006;1.9278e+001;
   118.089;-1.3790e-006;1.9279e+001;
   120.092;-1.2169e-005;1.9286e+001;
   122.155;-5.0699e-006;1.9273e+001;
   124.097;-1.8964e-006;1.9274e+001;
   126.039;3.2046e-006;1.9282e+001;
   128.041;1.8976e-007;1.9288e+001;
   130.105;2.8741e-006;1.9288e+001;
   132.046;-4.2916e-006;1.9278e+001;
   134.049;-2.4111e-006;1.9275e+001;
   136.051;-1.1439e-005;1.9284e+001;
   138.054;-8.5363e-006;1.9275e+001;
   140.117;-1.4079e-005;1.9282e+001;
   142.059;-1.0058e-005;1.9290e+001;
   144.062;-5.8652e-006;1.9279e+001;
   146.064;-1.7696e-005;1.9278e+001;
   148.067;-6.0854e-006;1.9274e+001;
   150.069;-6.0606e-006;1.9279e+001;
   152.072;-8.9003e-007;1.9285e+001;
   154.074;-6.2704e-006;1.9296e+001;
   156.077;-1.6887e-007;1.9292e+001;
   158.140;-2.0977e-006;1.9287e+001;
   160.082;-2.2091e-006;1.9294e+001;
   162.084;-1.7984e-006;1.9299e+001;
   164.087;-3.5924e-006;1.9298e+001;
   166.089;-8.2682e-006;1.9294e+001;PBS-10X
   168.092;4.4541e-006;1.9299e+001;
   170.095;4.3392e-006;1.9300e+001;
   172.097;2.5993e-005;1.9300e+001;
   174.039;5.5811e-005;1.9292e+001;
   176.041;9.9783e-005;1.9285e+001;
   178.044;2.0670e-004;1.9281e+001;
   180.047;3.4593e-004;1.9287e+001;
   182.049;5.0851e-004;1.9288e+001;
   184.112;6.9973e-004;1.9280e+001;
   186.054;8.8909e-004;1.9285e+001;
   188.117;1.0724e-003;1.9277e+001;
   190.059;1.2415e-003;1.9293e+001;
   192.062;1.3746e-003;1.9266e+001;
   194.064;1.4984e-003;1.9272e+001;
   196.067;1.5972e-003;1.9271e+001;
   198.069;1.6870e-003;1.9278e+001;
   200.072;1.7515e-003;1.9263e+001;
   202.135;1.8128e-003;1.9269e+001;
   204.077;1.8599e-003;1.9269e+001;
   206.080;1.9153e-003;1.9257e+001;
   208.082;1.9500e-003;1.9269e+001;
   210.085;1.9870e-003;1.9255e+001;
   212.087;2.0078e-003;1.9263e+001;
   214.090;2.0297e-003;1.9262e+001;
   216.092;2.0577e-003;1.9255e+001;
   218.095;2.0695e-003;1.9260e+001;
   220.097;2.0774e-003;1.9240e+001;
   222.039;2.0926e-003;1.9251e+001;
   224.042;2.1044e-003;1.9253e+001;
   226.105;2.1106e-003;1.9245e+001;
   228.047;2.1242e-003;1.9237e+001;
   230.049;2.1414e-003;1.9243e+001;
   232.052;2.1414e-003;1.9230e+001;
   234.054;2.1453e-003;1.9239e+001;
   236.057;2.1550e-003;1.9236e+001;
   238.059;2.1584e-003;1.9240e+001;
   240.123;2.1584e-003;1.9241e+001;
   242.064;2.1624e-003;1.9236e+001;
   244.128;2.1743e-003;1.9238e+001;
   246.070;2.1738e-003;1.9231e+001;
   248.072;2.1754e-003;1.9244e+001;
   250.075;2.1854e-003;1.9237e+001;
   252.077;2.1849e-003;1.9249e+001;
   254.080;2.1822e-003;1.9234e+001;
   256.082;2.1847e-003;1.9254e+001;
   258.145;2.1845e-003;1.9229e+001;
   260.087;2.1948e-003;1.9253e+001;
   262.090;2.1954e-003;1.9249e+001;
   264.092;2.2043e-003;1.9259e+001;
   266.095;2.2056e-003;1.9258e+001;
   268.097;2.2044e-003;1.9257e+001;
   270.039;2.1945e-003;1.9260e+001;
   272.042;2.2013e-003;1.9278e+001;
   274.044;2.1990e-003;1.9268e+001;
   276.047;2.2063e-003;1.9268e+001;
   278.049;2.2065e-003;1.9262e+001;
   280.052;2.2045e-003;1.9263e+001;
   282.055;2.2090e-003;1.9256e+001;
   284.118;2.2122e-003;1.9255e+001;
   286.060;2.2079e-003;1.9261e+001;
   288.062;2.2065e-003;1.9272e+001;
   290.065;2.2103e-003;1.9267e+001;
   292.067;2.2098e-003;1.9276e+001;
   294.070;2.2056e-003;1.9266e+001;
   296.072;2.2085e-003;1.9269e+001;
   298.075;2.2103e-003;1.9278e+001;
   300.077;2.2082e-003;1.9270e+001;
   302.141;2.2121e-003;1.9276e+001;
   304.082;2.2229e-003;1.9288e+001;
   306.146;2.2207e-003;1.9269e+001;
   308.087;2.2225e-003;1.9282e+001;
   310.090;2.2241e-003;1.9280e+001;
   312.093;2.2245e-003;1.9288e+001;
   314.095;2.2167e-003;1.9283e+001;
   316.037;2.2225e-003;1.9276e+001;
   318.039;2.2153e-003;1.9282e+001;
   320.042;2.2185e-003;1.9278e+001;
   322.045;2.2121e-003;1.9278e+001;
   324.047;2.2156e-003;1.9270e+001;
   326.050;2.2203e-003;1.9279e+001;
   328.052;2.2181e-003;1.9269e+001;
   330.055;2.2269e-003;1.9266e+001;
   332.057;2.2158e-003;1.9267e+001;
   334.060;2.2170e-003;1.9263e+001;
   336.062;2.2264e-003;1.9254e+001;
   338.065;2.2158e-003;1.9261e+001;
   340.067;2.2174e-003;1.9257e+001;
   342.070;2.2245e-003;1.9249e+001;
   344.072;2.2275e-003;1.9245e+001;
   346.075;2.2258e-003;1.9266e+001;
   348.078;2.2279e-003;1.9243e+001;
   350.080;2.2266e-003;1.9258e+001;
   352.083;2.2300e-003;1.9256e+001;
   354.085;2.2193e-003;1.9246e+001;
   356.088;2.2235e-003;1.9246e+001;
   358.090;2.2188e-003;1.9248e+001;
   360.093;2.2227e-003;1.9246e+001;
   362.095;2.2186e-003;1.9256e+001;
   364.037;2.2173e-003;1.9259e+001;
   366.040;2.2291e-003;1.9249e+001;
   368.042;2.2243e-003;1.9250e+001;
   370.045;2.2202e-003;1.9258e+001;
   372.108;2.2307e-003;1.9261e+001;
   374.050;2.2255e-003;1.9253e+001;
   376.052;2.2200e-003;1.9251e+001;
   378.055;2.2245e-003;1.9259e+001;
   380.057;2.2308e-003;1.9257e+001;
   382.121;2.2273e-003;1.9259e+001;
   384.062;2.2199e-003;1.9254e+001;
   386.065;2.2204e-003;1.9254e+001;
   388.068;2.2277e-003;1.9248e+001;
   390.070;2.2225e-003;1.9259e+001;
   392.073;2.2194e-003;1.9259e+001;
   394.075;2.2203e-003;1.9253e+001;
   396.078;2.2222e-003;1.9253e+001;
   398.080;2.2168e-003;1.9259e+001;
   400.083;2.2230e-003;1.9253e+001;
   402.085;2.2260e-003;1.9269e+001;
   404.088;2.2189e-003;1.9265e+001;
   406.090;2.2168e-003;1.9249e+001;
   408.093;2.2247e-003;1.9273e+001;
   410.095;2.2300e-003;1.9267e+001;
   412.037;2.2173e-003;1.9266e+001;
   414.040;2.2177e-003;1.9267e+001;
   416.042;2.2351e-003;1.9269e+001;
   418.045;2.2305e-003;1.9282e+001;
   420.047;2.2249e-003;1.9282e+001;
   422.050;2.2226e-003;1.9279e+001;
   424.053;2.2205e-003;1.9303e+001;
   426.116;2.2191e-003;1.9287e+001;
   428.058;2.2305e-003;1.9279e+001;
   430.060;2.2254e-003;1.9296e+001;
   432.063;2.2252e-003;1.9274e+001;
   434.065;2.2256e-003;1.9290e+001;
   436.068;2.2191e-003;1.9284e+001;
   438.070;2.2217e-003;1.9283e+001;
   440.073;2.2160e-003;1.9287e+001;
   442.075;2.2189e-003;1.9298e+001;
   444.078;2.2293e-003;1.9269e+001;
   446.080;2.2154e-003;1.9291e+001;
   448.083;2.2180e-003;1.9289e+001;
   450.085;2.2219e-003;1.9292e+001;
   452.088;2.2208e-003;1.9292e+001;
   454.091;2.2215e-003;1.9290e+001;
   456.093;2.2235e-003;1.9308e+001;
   458.096;2.2235e-003;1.9297e+001;
   460.037;2.2149e-003;1.9297e+001;
   462.040;2.2113e-003;1.9302e+001;
   464.103;2.2062e-003;1.9296e+001;
   466.045;2.2138e-003;1.9300e+001;
   468.048;2.2134e-003;1.9298e+001;
   470.050;2.2213e-003;1.9315e+001;
   472.053;2.2249e-003;1.9293e+001;
   474.055;2.2269e-003;1.9313e+001;
   476.058;2.2211e-003;1.9294e+001;
   478.060;2.2236e-003;1.9315e+001;
   480.063;2.2271e-003;1.9307e+001;
   482.065;2.2244e-003;1.9298e+001;
   484.068;2.2274e-003;1.9296e+001;
   486.070;2.2324e-003;1.9304e+001;
   488.073;2.2256e-003;1.9279e+001;
   490.076;2.2339e-003;1.9288e+001;
   492.078;2.2307e-003;1.9293e+001;
   494.081;2.2203e-003;1.9296e+001;
   496.083;2.2232e-003;1.9295e+001;BIOTIN 3.74
   498.086;2.2458e-003;1.9283e+001;
   500.088;2.2700e-003;1.9288e+001;
   502.091;2.2929e-003;1.9285e+001;
   504.154;2.3078e-003;1.9293e+001;
   506.035;2.3198e-003;1.9273e+001;
   508.038;2.3379e-003;1.9284e+001;
   510.040;2.3506e-003;1.9287e+001;
   512.043;2.3614e-003;1.9267e+001;
   514.045;2.3771e-003;1.9276e+001;
   516.048;2.3784e-003;1.9280e+001;
   518.050;2.3699e-003;1.9281e+001;
   520.053;2.3786e-003;1.9275e+001;
   522.055;2.3958e-003;1.9276e+001;
   524.058;2.3979e-003;1.9280e+001;
   526.060;2.3926e-003;1.9275e+001;
   528.063;2.3933e-003;1.9282e+001;
   530.066;2.4001e-003;1.9283e+001;
   532.068;2.4046e-003;1.9297e+001;
   534.131;2.4073e-003;1.9285e+001;
   536.073;2.4073e-003;1.9296e+001;
   538.136;2.4075e-003;1.9296e+001;
   540.078;2.4053e-003;1.9279e+001;
   542.081;2.4113e-003;1.9291e+001;
   544.083;2.4087e-003;1.9284e+001;
   546.086;2.4149e-003;1.9294e+001;
   548.088;2.4184e-003;1.9276e+001;
   550.091;2.4230e-003;1.9308e+001;
   552.154;2.4188e-003;1.9282e+001;
   554.035;2.4286e-003;1.9295e+001;
   556.099;2.4316e-003;1.9289e+001;
   558.040;2.4286e-003;1.9296e+001;
   560.043;2.4373e-003;1.9284e+001;
   562.045;2.4402e-003;1.9296e+001;
   564.048;2.4383e-003;1.9292e+001;
   566.051;2.4381e-003;1.9289e+001;
   568.053;2.4402e-003;1.9282e+001;
   570.056;2.4457e-003;1.9275e+001;
   572.058;2.4446e-003;1.9279e+001;
   574.061;2.4435e-003;1.9281e+001;
   576.124;2.4479e-003;1.9291e+001;
   578.066;2.4485e-003;1.9286e+001;
   580.068;2.4561e-003;1.9282e+001;
   582.071;2.4555e-003;1.9286e+001;
   584.073;2.4526e-003;1.9288e+001;
   586.076;2.4469e-003;1.9277e+001;
   588.078;2.4500e-003;1.9281e+001;
   590.081;2.4481e-003;1.9280e+001;
   592.083;2.4531e-003;1.9288e+001;
   594.086;2.4575e-003;1.9279e+001;
   596.089;2.4532e-003;1.9272e+001;
   598.091;2.4553e-003;1.9269e+001;
   600.094;2.4441e-003;1.9276e+001;
   602.035;2.4419e-003;1.9286e+001;
   604.038;2.4471e-003;1.9273e+001;
   606.041;2.4562e-003;1.9285e+001;
   608.043;2.4613e-003;1.9276e+001;
   610.046;2.4531e-003;1.9276e+001;
   612.048;2.4579e-003;1.9262e+001;
   614.051;2.4573e-003;1.9258e+001;
   616.053;2.4594e-003;1.9275e+001;
   618.056;2.4596e-003;1.9272e+001;
   620.058;2.4539e-003;1.9267e+001;
   622.061;2.4548e-003;1.9259e+001;
   624.063;2.4561e-003;1.9253e+001;
   626.066;2.4552e-003;1.9256e+001;
   628.068;2.4535e-003;1.9275e+001;
   630.071;2.4584e-003;1.9279e+001;
   632.074;2.4583e-003;1.9261e+001;
   634.076;2.4625e-003;1.9272e+001;
   636.079;2.4634e-003;1.9269e+001;
   638.081;2.4713e-003;1.9279e+001;
   640.084;2.4655e-003;1.9269e+001;
   642.086;2.4711e-003;1.9268e+001;
   644.149;2.4641e-003;1.9272e+001;
   646.091;2.4731e-003;1.9272e+001;
   648.094;2.4664e-003;1.9266e+001;
   650.036;2.4657e-003;1.9288e+001;
   652.038;2.4651e-003;1.9282e+001;
   654.041;2.4653e-003;1.9274e+001;
   656.043;2.4719e-003;1.9279e+001;
   658.046;2.4657e-003;1.9282e+001;
   660.048;2.4639e-003;1.9274e+001;
   662.112;2.4653e-003;1.9276e+001;
   664.053;2.4657e-003;1.9284e+001;
   666.056;2.4645e-003;1.9256e+001;
   668.058;2.4643e-003;1.9267e+001;
   670.122;2.4624e-003;1.9264e+001;
   672.064;2.4579e-003;1.9264e+001;
   674.066;2.4685e-003;1.9280e+001;
   676.069;2.4727e-003;1.9261e+001;
   678.071;2.4737e-003;1.9279e+001;
   680.074;2.4699e-003;1.9267e+001;
   682.076;2.4686e-003;1.9272e+001;
   684.139;2.4726e-003;1.9269e+001;
   686.081;2.4756e-003;1.9255e+001;
   688.084;2.4735e-003;1.9250e+001;
   690.086;2.4756e-003;1.9253e+001;
   692.089;2.4731e-003;1.9252e+001;
   694.091;2.4693e-003;1.9250e+001;
   696.033;2.4760e-003;1.9260e+001;
   698.036;2.4758e-003;1.9246e+001;
   700.038;2.4741e-003;1.9249e+001;
   702.041;2.4666e-003;1.9252e+001;
   704.043;2.4732e-003;1.9257e+001;
   706.046;2.4711e-003;1.9243e+001;
   708.049;2.4815e-003;1.9243e+001;
   710.051;2.4753e-003;1.9236e+001;
   712.054;2.4732e-003;1.9252e+001;
   714.117;2.4695e-003;1.9238e+001;
   716.059;2.4722e-003;1.9259e+001;
   718.061;2.4724e-003;1.9245e+001;
   720.064;2.4718e-003;1.9246e+001;
   722.127;2.4682e-003;1.9235e+001;
   724.069;2.4750e-003;1.9241e+001;
   726.071;2.4777e-003;1.9249e+001;
   728.074;2.4773e-003;1.9237e+001;
   730.076;2.4736e-003;1.9241e+001;
   732.079;2.4796e-003;1.9236e+001;
   734.081;2.4808e-003;1.9238e+001;
   736.084;2.4810e-003;1.9243e+001;
   738.087;2.4788e-003;1.9256e+001;
   740.089;2.4870e-003;1.9246e+001;
   742.092;2.4862e-003;1.9259e+001;
   744.033;2.4861e-003;1.9258e+001;
   746.036;2.4867e-003;1.9247e+001;
   748.099;2.4880e-003;1.9241e+001;
   750.041;2.4878e-003;1.9263e+001;
   752.044;2.4851e-003;1.9257e+001;
   754.046;2.4873e-003;1.9241e+001;
   756.049;2.4796e-003;1.9256e+001;
   758.051;2.4802e-003;1.9263e+001;
   760.054;2.4829e-003;1.9258e+001;
   762.056;2.4790e-003;1.9264e+001;
   764.059;2.4842e-003;1.9266e+001;
   766.061;2.4954e-003;1.9254e+001;
   768.064;2.4771e-003;1.9250e+001;
   770.066;2.4845e-003;1.9253e+001;
   772.069;2.4838e-003;1.9242e+001;
   774.072;2.4852e-003;1.9246e+001;
   776.074;2.4851e-003;1.9257e+001;
   778.077;2.4826e-003;1.9246e+001;
   780.079;2.4876e-003;1.9255e+001;
   782.082;2.4837e-003;1.9247e+001;
   784.084;2.4830e-003;1.9246e+001;
   786.087;2.4829e-003;1.9256e+001;
   788.089;2.4831e-003;1.9249e+001;
   790.092;2.4859e-003;1.9247e+001;
   792.034;2.4821e-003;1.9232e+001;
   794.036;2.4851e-003;1.9254e+001;
   796.039;2.4956e-003;1.9246e+001;
   798.041;2.4885e-003;1.9243e+001;
   800.044;2.4842e-003;1.9243e+001;
   802.046;2.4883e-003;1.9253e+001;
   804.049;2.4853e-003;1.9243e+001;
   806.051;2.4863e-003;1.9249e+001;
   808.054;2.4905e-003;1.9247e+001;
   810.056;2.4873e-003;1.9248e+001;
   812.059;2.4833e-003;1.9253e+001;
   814.062;2.4892e-003;1.9279e+001;
   816.064;2.4882e-003;1.9240e+001;
   818.127;2.4870e-003;1.9265e+001;
   820.069;2.4898e-003;1.9252e+001;
   822.132;2.4893e-003;1.9257e+001;
   824.074;2.4861e-003;1.9263e+001;
   826.077;2.4933e-003;1.9249e+001;
   828.079;2.4952e-003;1.9250e+001;
   830.082;2.4906e-003;1.9272e+001;
   832.084;2.5015e-003;1.9265e+001;
   834.087;2.5032e-003;1.9253e+001;
   836.089;2.5037e-003;1.9263e+001;
   838.031;2.5047e-003;1.9253e+001;
   840.034;2.4983e-003;1.9272e+001;
   842.036;2.5086e-003;1.9243e+001;
   844.039;2.5052e-003;1.9260e+001;
   846.102;2.5004e-003;1.9272e+001;
   848.044;2.4983e-003;1.9263e+001;
   850.047;2.4990e-003;1.9265e+001;
   852.049;2.4968e-003;1.9259e+001;
   854.052;2.4942e-003;1.9264e+001;
   856.054;2.4949e-003;1.9266e+001;
   858.057;2.4951e-003;1.9259e+001;
   860.059;2.4971e-003;1.9256e+001;
   862.062;2.5013e-003;1.9260e+001;
   864.064;2.5030e-003;1.9259e+001;
   866.128;2.4992e-003;1.9265e+001;
   868.069;2.4990e-003;1.9263e+001;
   870.072;2.4920e-003;1.9269e+001;
   872.074;2.4950e-003;1.9268e+001;
   874.077;2.4930e-003;1.9269e+001;
   876.079;2.4976e-003;1.9272e+001;
   878.082;2.5041e-003;1.9257e+001;
   880.085;2.4995e-003;1.9256e+001;
   882.087;2.5069e-003;1.9248e+001;
   884.150;2.5013e-003;1.9246e+001;
   886.031;2.5022e-003;1.9260e+001;
   888.034;2.4963e-003;1.9247e+001;
   890.037;2.5003e-003;1.9265e+001;
   892.039;2.4959e-003;1.9270e+001;
   894.042;2.5022e-003;1.9255e+001;
   896.044;2.4962e-003;1.9253e+001;
   898.047;2.5013e-003;1.9254e+001;
   900.049;2.5003e-003;1.9266e+001;
   902.112;2.4980e-003;1.9253e+001;
   904.054;2.4925e-003;1.9262e+001;
   906.118;2.4978e-003;1.9252e+001;
   908.059;2.5025e-003;1.9235e+001;
   910.062;2.5025e-003;1.9254e+001;
   912.064;2.5098e-003;1.9245e+001;
   914.067;2.5068e-003;1.9240e+001;
   916.070;2.5060e-003;1.9247e+001;
   918.072;2.5094e-003;1.9240e+001;
   920.075;2.5047e-003;1.9274e+001;
   922.077;2.5019e-003;1.9240e+001;
   924.080;2.4968e-003;1.9240e+001;
   926.143;2.5019e-003;1.9246e+001;
   928.085;2.4961e-003;1.9256e+001;
   930.087;2.4957e-003;1.9248e+001;
   932.090;2.4941e-003;1.9249e+001;
   934.032;2.5012e-003;1.9259e+001;
   936.034;2.5043e-003;1.9247e+001;
   938.037;2.4990e-003;1.9245e+001;
   940.039;2.5166e-003;1.9260e+001;
   942.042;2.5121e-003;1.9251e+001;
   944.044;2.5078e-003;1.9237e+001;
   946.047;2.5043e-003;1.9244e+001;
   948.049;2.5056e-003;1.9241e+001;
   950.052;2.5114e-003;1.9249e+001;
   952.054;2.5128e-003;1.9238e+001;
   954.057;2.4998e-003;1.9243e+001;
   956.060;2.4928e-003;1.9255e+001;
   958.062;2.5018e-003;1.9225e+001;
   960.065;2.5063e-003;1.9223e+001;
   962.067;2.5082e-003;1.9222e+001;
   964.070;2.5086e-003;1.9227e+001;
   966.072;2.5070e-003;1.9220e+001;
   968.075;2.5016e-003;1.9213e+001;
   970.077;2.5008e-003;1.9220e+001;
   972.080;2.5033e-003;1.9208e+001;
   974.082;2.5032e-003;1.9204e+001;
   976.085;2.4956e-003;1.9210e+001;
   978.087;2.5062e-003;1.9220e+001;
   980.090;2.5089e-003;1.9210e+001;
   982.032;2.5079e-003;1.9213e+001;
   984.034;2.5045e-003;1.9213e+001;
   986.037;2.5056e-003;1.9216e+001;
   988.039;2.4992e-003;1.9210e+001;
   990.042;2.5066e-003;1.9222e+001;
   992.045;2.5018e-003;1.9211e+001;
   994.047;2.5069e-003;1.9226e+001;
   996.050;2.5103e-003;1.9210e+001;
   998.052;2.5032e-003;1.9205e+001;
  1000.055;2.5046e-003;1.9215e+001;
  1002.057;2.5060e-003;1.9217e+001;
  1004.060;2.5029e-003;1.9219e+001;
  1006.062;2.5092e-003;1.9217e+001;
  1008.065;2.5053e-003;1.9206e+001;
  1010.067;2.5100e-003;1.9213e+001;
  1012.070;2.5076e-003;1.9205e+001;
  1014.072;2.5094e-003;1.9208e+001;
  1016.075;2.5060e-003;1.9207e+001;
  1018.077;2.5027e-003;1.9206e+001;
  1020.080;2.5052e-003;1.9214e+001;
  1022.083;2.5137e-003;1.9206e+001;
  1024.085;2.5106e-003;1.9210e+001;
  1026.088;2.5103e-003;1.9220e+001;
  1028.029;2.5144e-003;1.9216e+001;
  1030.032;2.5051e-003;1.9213e+001;
  1032.035;2.5116e-003;1.9216e+001;
  1034.037;2.5197e-003;1.9211e+001;
  1036.040;2.5194e-003;1.9209e+001;
  1038.042;2.5105e-003;1.9216e+001;
  1040.045;2.5237e-003;1.9213e+001;
  1042.047;2.5127e-003;1.9213e+001;
  1044.050;2.5108e-003;1.9215e+001;
  1046.052;2.5094e-003;1.9224e+001;
  1048.055;2.5137e-003;1.9220e+001;
  1050.057;2.5108e-003;1.9220e+001;
  1052.060;2.5037e-003;1.9220e+001;
  1054.062;2.5081e-003;1.9220e+001;
  1056.065;2.5197e-003;1.9210e+001;
  1058.068;2.5101e-003;1.9229e+001;
  1060.131;2.5111e-003;1.9220e+001;
  1062.073;2.5072e-003;1.9213e+001;
  1064.075;2.5224e-003;1.9213e+001;
  1066.078;2.5206e-003;1.9219e+001;
  1068.080;2.5106e-003;1.9223e+001;
  1070.143;2.5176e-003;1.9216e+001;
  1072.085;2.5212e-003;1.9220e+001;
  1074.088;2.5191e-003;1.9206e+001;
  1076.030;2.5164e-003;1.9206e+001;
  1078.032;2.5278e-003;1.9203e+001;
  1080.035;2.5168e-003;1.9214e+001;
  1082.037;2.5264e-003;1.9212e+001;
  1084.040;2.5259e-003;1.9216e+001;
  1086.042;2.5222e-003;1.9203e+001;
  1088.106;2.5195e-003;1.9195e+001;
  1090.047;2.5079e-003;1.9210e+001;
  1092.050;2.5130e-003;1.9201e+001;
  1094.052;2.5248e-003;1.9192e+001;
  1096.055;2.5304e-003;1.9200e+001;
  1098.118;2.5240e-003;1.9208e+001;
  1100.060;2.5196e-003;1.9206e+001;
  1102.123;2.5161e-003;1.9216e+001;
  1104.065;2.5104e-003;1.9209e+001;
  1106.068;2.5176e-003;1.9205e+001;
  1108.070;2.5140e-003;1.9207e+001;
  1110.073;2.5090e-003;1.9215e+001;
  1112.075;2.5120e-003;1.9200e+001;
  1114.078;2.5131e-003;1.9204e+001;
  1116.080;2.5080e-003;1.9197e+001;
  1118.083;2.5136e-003;1.9198e+001;
  1120.085;2.5176e-003;1.9185e+001;
  1122.088;2.5172e-003;1.9187e+001;
  1124.030;2.5158e-003;1.9187e+001;
  1126.032;2.5144e-003;1.9177e+001;
  1128.035;2.5170e-003;1.9193e+001;
  1130.037;2.5183e-003;1.9182e+001;
  1132.101;2.5206e-003;1.9189e+001;
  1134.043;2.5156e-003;1.9168e+001;
  1136.045;2.5236e-003;1.9171e+001;
  1138.108;2.5229e-003;1.9182e+001;
  1140.050;2.5196e-003;1.9180e+001;
  1142.053;2.5268e-003;1.9163e+001;
  1144.055;2.5224e-003;1.9174e+001;
  1146.058;2.5255e-003;1.9171e+001;
  1148.060;2.5142e-003;1.9185e+001;
  1150.063;2.5156e-003;1.9186e+001;
  1152.065;2.5146e-003;1.9174e+001;
  1154.068;2.5210e-003;1.9168e+001;
  1156.070;2.5159e-003;1.9164e+001;
  1158.073;2.5130e-003;1.9173e+001;
  1160.075;2.5120e-003;1.9169e+001;
  1162.078;2.5145e-003;1.9182e+001;
  1164.081;2.5142e-003;1.9177e+001;
  1166.083;2.5275e-003;1.9174e+001;
  1168.086;2.5228e-003;1.9162e+001;
  1170.088;2.5230e-003;1.9167e+001;
  1172.091;2.5281e-003;1.9168e+001;
  1174.033;2.5256e-003;1.9166e+001;
  1176.035;2.5287e-003;1.9167e+001;
  1178.038;2.5251e-003;1.9171e+001;
  1180.040;2.5219e-003;1.9175e+001;
  1182.043;2.5263e-003;1.9167e+001;
  1184.045;2.5285e-003;1.9172e+001;
  1186.048;2.5152e-003;1.9161e+001;
  1188.050;2.5233e-003;1.9174e+001;
  1190.114;2.5176e-003;1.9167e+001;
  1192.055;2.5217e-003;1.9165e+001;
  1194.058;2.5239e-003;1.9159e+001;
  1196.060;2.5252e-003;1.9164e+001;
  1198.063;2.5211e-003;1.9158e+001;
  1200.066;2.5273e-003;1.9173e+001;
  1202.068;2.5230e-003;1.9170e+001;
  1204.071;2.5215e-003;1.9166e+001;
  1206.073;2.5200e-003;1.9172e+001;
  1208.076;2.5207e-003;1.9167e+001;
  1210.078;2.5220e-003;1.9171e+001;
  1212.081;2.5229e-003;1.9169e+001;
  1214.083;2.5208e-003;1.9173e+001;
  1216.086;2.5265e-003;1.9168e+001;
  1218.028;2.5256e-003;1.9171e+001;
  1220.030;2.5236e-003;1.9158e+001;
  1222.033;2.5259e-003;1.9176e+001;
  1224.035;2.5269e-003;1.9162e+001;
  1226.038;2.5337e-003;1.9167e+001;
  1228.040;2.5255e-003;1.9169e+001;
  1230.043;2.5246e-003;1.9172e+001;
  1232.045;2.5225e-003;1.9163e+001;
  1234.048;2.5146e-003;1.9167e+001;
  1236.111;2.5253e-003;1.9169e+001;
  1238.053;2.5287e-003;1.9164e+001;
  1240.056;2.5344e-003;1.9170e+001;
  1242.058;2.5311e-003;1.9163e+001;
  1244.061;2.5295e-003;1.9177e+001;
  1246.063;2.5305e-003;1.9176e+001;
  1248.066;2.5257e-003;1.9165e+001;
  1250.068;2.5152e-003;1.9166e+001;
  1252.071;2.5239e-003;1.9183e+001;
  1254.073;2.5179e-003;1.9172e+001;
  1256.076;2.5154e-003;1.9170e+001;
  1258.078;2.5213e-003;1.9171e+001;
  1260.142;2.5181e-003;1.9165e+001;
  1262.083;2.5158e-003;1.9181e+001;
  1264.147;2.5058e-003;1.9189e+001;
  1266.028;2.5160e-003;1.9187e+001;
  1268.030;2.5113e-003;1.9177e+001;
  1270.033;2.5154e-003;1.9197e+001;
  1272.035;2.5194e-003;1.9193e+001;
  1274.038;2.5140e-003;1.9189e+001;
  1276.041;2.5160e-003;1.9183e+001;
  1278.043;2.5124e-003;1.9183e+001;
  1280.046;2.5170e-003;1.9187e+001;
  1282.048;2.5231e-003;1.9183e+001;
  1284.111;2.5306e-003;1.9181e+001;
  1286.053;2.5285e-003;1.9198e+001;
  1288.116;2.5266e-003;1.9204e+001;
  1290.058;2.5190e-003;1.9190e+001;
  1292.061;2.5226e-003;1.9193e+001;
  1294.124;2.5219e-003;1.9211e+001;
  1296.066;2.5253e-003;1.9210e+001;
  1298.129;2.5226e-003;1.9203e+001;
  1300.071;2.5293e-003;1.9206e+001;
  1302.073;2.5249e-003;1.9213e+001;
  1304.076;2.5125e-003;1.9211e+001;
  1306.079;2.5162e-003;1.9233e+001;
  1308.081;2.5162e-003;1.9216e+001;
  1310.084;2.5201e-003;1.9213e+001;
  1312.086;2.5138e-003;1.9210e+001;
  1314.028;2.5188e-003;1.9212e+001;
  1316.031;2.5174e-003;1.9224e+001;
  1318.033;2.5236e-003;1.9221e+001;
  1320.036;2.5246e-003;1.9228e+001;
  1322.038;2.5307e-003;1.9216e+001;
  1324.041;2.5261e-003;1.9223e+001;
  1326.043;2.5287e-003;1.9226e+001;
  1328.046;2.5205e-003;1.9227e+001;
  1330.048;2.5208e-003;1.9213e+001;
  1332.051;2.5210e-003;1.9221e+001;
  1334.053;2.5205e-003;1.9219e+001;
  1336.056;2.5196e-003;1.9217e+001;
  1338.058;2.5239e-003;1.9220e+001;
  1340.061;2.5201e-003;1.9228e+001;
  1342.064;2.5198e-003;1.9206e+001;
  1344.066;2.5219e-003;1.9213e+001;
  1346.069;2.5163e-003;1.9223e+001;
  1348.071;2.5340e-003;1.9212e+001;
  1350.134;2.5282e-003;1.9208e+001;
  1352.076;2.5282e-003;1.9201e+001;
  1354.079;2.5287e-003;1.9216e+001;
  1356.081;2.5298e-003;1.9202e+001;
  1358.084;2.5276e-003;1.9196e+001;
  1360.086;2.5242e-003;1.9206e+001;
  1362.028;2.5255e-003;1.9205e+001;
  1364.031;2.5231e-003;1.9203e+001;
  1366.033;2.5285e-003;1.9208e+001;
  1368.036;2.5374e-003;1.9203e+001;
  1370.038;2.5369e-003;1.9205e+001;
  1372.041;2.5361e-003;1.9215e+001;
  1374.043;2.5305e-003;1.9213e+001;
  1376.046;2.5298e-003;1.9213e+001;
  1378.048;2.5205e-003;1.9221e+001;
  1380.051;2.5171e-003;1.9228e+001;
  1382.054;2.5167e-003;1.9204e+001;
  1384.056;2.5160e-003;1.9204e+001;
  1386.059;2.5117e-003;1.9217e+001;
  1388.061;2.5216e-003;1.9221e+001;
  1390.064;2.5195e-003;1.9213e+001;
  1392.127;2.5221e-003;1.9215e+001;
  1394.069;2.5213e-003;1.9228e+001;
  1396.132;2.5206e-003;1.9222e+001;
  1398.074;2.5245e-003;1.9214e+001;
  1400.076;2.5202e-003;1.9234e+001;
  1402.079;2.5231e-003;1.9229e+001;
  1404.081;2.5355e-003;1.9227e+001;
  1406.084;2.5231e-003;1.9236e+001;
  1408.087;2.5316e-003;1.9239e+001;
  1410.028;2.5324e-003;1.9239e+001;
  1412.031;2.5283e-003;1.9246e+001;
  1414.033;2.5307e-003;1.9249e+001;PBS-10X
  1416.036;2.5238e-003;1.9252e+001;
  1418.039;2.5254e-003;1.9257e+001;
  1420.041;2.5198e-003;1.9272e+001;
  1422.044;2.5187e-003;1.9272e+001;
  1424.046;2.5116e-003;1.9262e+001;
  1426.049;2.5032e-003;1.9249e+001;
  1428.051;2.5004e-003;1.9255e+001;
  1430.054;2.4889e-003;1.9254e+001;
  1432.056;2.4836e-003;1.9263e+001;
  1434.059;2.4900e-003;1.9268e+001;
  1436.061;2.4840e-003;1.9262e+001;
  1438.064;2.4874e-003;1.9274e+001;
  1440.127;2.4731e-003;1.9268e+001;
  1442.069;2.4752e-003;1.9254e+001;
  1444.132;2.4775e-003;1.9272e+001;
  1446.074;2.4705e-003;1.9268e+001;
  1448.077;2.4617e-003;1.9249e+001;
  1450.079;2.4611e-003;1.9269e+001;
  1452.082;2.4616e-003;1.9271e+001;
  1454.084;2.4599e-003;1.9272e+001;
  1456.026;2.4590e-003;1.9257e+001;
  1458.029;2.4589e-003;1.9268e+001;
  1460.031;2.4567e-003;1.9266e+001;
  1462.094;2.4616e-003;1.9272e+001;
  1464.036;2.4593e-003;1.9269e+001;
  1466.039;2.4608e-003;1.9266e+001;
  1468.041;2.4585e-003;1.9259e+001;
  1470.044;2.4573e-003;1.9268e+001;
  1472.046;2.4656e-003;1.9268e+001;
  1474.049;2.4643e-003;1.9255e+001;
  1476.112;2.4623e-003;1.9279e+001;
  1478.054;2.4545e-003;1.9272e+001;
  1480.117;2.4542e-003;1.9274e+001;
  1482.059;2.4527e-003;1.9269e+001;
  1484.062;2.4545e-003;1.9276e+001;
  1486.125;2.4498e-003;1.9275e+001;
  1488.067;2.4519e-003;1.9266e+001;
  1490.069;2.4575e-003;1.9287e+001;
  1492.072;2.4530e-003;1.9282e+001;
  1494.074;2.4507e-003;1.9289e+001;
  1496.137;2.4551e-003;1.9289e+001;
  1498.079;2.4494e-003;1.9292e+001;
  1500.142;2.4493e-003;1.9297e+001;
  1502.084;2.4572e-003;1.9286e+001;
  1504.026;2.4516e-003;1.9286e+001;
  1506.029;2.4568e-003;1.9285e+001;
  1508.031;2.4559e-003;1.9288e+001;
  1510.034;2.4476e-003;1.9299e+001;
  1512.036;2.4423e-003;1.9282e+001;
  1514.039;2.4447e-003;1.9276e+001;
  1516.041;2.4527e-003;1.9287e+001;
  1518.044;2.4504e-003;1.9282e+001;
  1520.046;2.4451e-003;1.9278e+001;
  1522.049;2.4545e-003;1.9281e+001;
  1524.052;2.4530e-003;1.9279e+001;
  1526.054;2.4524e-003;1.9276e+001;
  1528.057;2.4559e-003;1.9296e+001;
  1530.059;2.4528e-003;1.9306e+001;
  1532.062;2.4477e-003;1.9287e+001;
  1534.064;2.4509e-003;1.9282e+001;
  1536.067;2.4566e-003;1.9296e+001;
  1538.069;2.4500e-003;1.9299e+001;
  1540.072;2.4416e-003;1.9318e+001;
  1542.135;2.4409e-003;1.9296e+001;
  1544.077;2.4389e-003;1.9290e+001;
  1546.079;2.4406e-003;1.9312e+001;
  1548.082;2.4442e-003;1.9300e+001;
  1550.085;2.4388e-003;1.9314e+001;
  1552.026;2.4433e-003;1.9304e+001;
  1554.029;2.4499e-003;1.9310e+001;
  1556.031;2.4536e-003;1.9308e+001;
  1558.034;2.4580e-003;1.9304e+001;
  1560.037;2.4545e-003;1.9308e+001;
  1562.039;2.4547e-003;1.9309e+001;
  1564.042;2.4525e-003;1.9300e+001;
  1566.105;2.4563e-003;1.9299e+001;
  1568.047;2.4450e-003;1.9318e+001;
  1570.110;2.4417e-003;1.9285e+001;
  1572.052;2.4400e-003;1.9313e+001;
  1574.054;2.4494e-003;1.9306e+001;
  1576.117;2.4491e-003;1.9295e+001;
  1578.059;2.4421e-003;1.9305e+001;
  1580.062;2.4510e-003;1.9303e+001;
  1582.064;2.4467e-003;1.9294e+001;
  1584.067;2.4478e-003;1.9307e+001;
  1586.069;2.4505e-003;1.9299e+001;
  1588.072;2.4462e-003;1.9302e+001;
  1590.075;2.4399e-003;1.9319e+001;
  1592.077;2.4506e-003;1.9320e+001;
  1594.080;2.4525e-003;1.9317e+001;
  1596.082;2.4456e-003;1.9322e+001;
  1598.085;2.4405e-003;1.9315e+001;
  1600.027;2.4352e-003;1.9326e+001;
  1602.029;2.4341e-003;1.9335e+001;
  1604.032;2.4273e-003;1.9335e+001;
  1606.034;2.4384e-003;1.9342e+001;
  1608.037;2.4322e-003;1.9356e+001;
  1610.100;2.4298e-003;1.9344e+001;
  1612.042;2.4322e-003;1.9344e+001;
  1614.044;2.4307e-003;1.9340e+001;
  1616.047;2.4417e-003;1.9367e+001;
  1618.049;2.4379e-003;1.9358e+001;
  1620.113;2.4287e-003;1.9355e+001;
  1622.054;2.4258e-003;1.9339e+001;
  1624.057;2.4375e-003;1.9338e+001;
  1626.060;2.4408e-003;1.9329e+001;
  1628.062;2.4406e-003;1.9349e+001;
  1630.125;2.4378e-003;1.9348e+001;
  1632.067;2.4306e-003;1.9354e+001;
  1634.070;2.4282e-003;1.9365e+001;
  1636.072;2.4347e-003;1.9352e+001;
  1638.075;2.4295e-003;1.9351e+001;
  1640.138;2.4370e-003;1.9351e+001;
  1642.080;2.4263e-003;1.9350e+001;
  1644.082;2.4363e-003;1.9349e+001;
  1646.024;2.4402e-003;1.9358e+001;
  1648.027;2.4370e-003;1.9368e+001;
  1650.029;2.4354e-003;1.9354e+001;
  1652.032;2.4328e-003;1.9358e+001;
  1654.095;2.4225e-003;1.9361e+001;
  1656.037;2.4201e-003;1.9366e+001;
  1658.100;2.4227e-003;1.9360e+001;
  1660.042;2.4353e-003;1.9372e+001;
  1662.044;2.4344e-003;1.9365e+001;
  1664.047;2.4376e-003;1.9373e+001;
  1666.050;2.4372e-003;1.9368e+001;
  1668.052;2.4389e-003;1.9374e+001;
  1670.055;2.4429e-003;1.9366e+001;
  1672.057;2.4370e-003;1.9362e+001;
  1674.120;2.4339e-003;1.9363e+001;
  1676.062;2.4322e-003;1.9360e+001;
  1678.065;2.4327e-003;1.9376e+001;
  1680.067;2.4305e-003;1.9380e+001;
  1682.070;2.4232e-003;1.9369e+001;
  1684.072;2.4296e-003;1.9370e+001;
  1686.075;2.4242e-003;1.9382e+001;
  1688.077;2.4323e-003;1.9382e+001;
  1690.080;2.4318e-003;1.9380e+001;
  1692.083;2.4291e-003;1.9378e+001;
  1694.024;2.4348e-003;1.9385e+001;
  1696.027;2.4337e-003;1.9374e+001;
  1698.029;2.4255e-003;1.9368e+001;
  1700.032;2.4341e-003;1.9380e+001;
  1702.035;2.4327e-003;1.9367e+001;
  1704.098;2.4280e-003;1.9373e+001;
  1706.040;2.4219e-003;1.9377e+001;
  1708.042;2.4166e-003;1.9371e+001;
  1710.045;2.4254e-003;1.9378e+001;
  1712.047;2.4302e-003;1.9383e+001;
  1714.050;2.4183e-003;1.9386e+001;
  1716.052;2.4252e-003;1.9387e+001;
  1718.055;2.4274e-003;1.9378e+001;
  1720.057;2.4369e-003;1.9363e+001;
  1722.060;2.4396e-003;1.9387e+001;
  1724.062;2.4331e-003;1.9387e+001;
  1726.065;2.4347e-003;1.9377e+001;
  1728.067;2.4334e-003;1.9381e+001;
  1730.070;2.4213e-003;1.9404e+001;
  1732.073;2.4226e-003;1.9400e+001;
  1734.075;2.4195e-003;1.9398e+001;
  1736.078;2.4206e-003;1.9387e+001;
  1738.080;2.4309e-003;1.9412e+001;
  1740.083;2.4348e-003;1.9414e+001;H20
  1742.025;2.4294e-003;1.9410e+001;
  1744.027;2.3973e-003;1.9410e+001;
  1746.030;2.3743e-003;1.9411e+001;
  1748.032;2.3254e-003;1.9404e+001;
  1750.035;2.2695e-003;1.9424e+001;
  1752.037;2.1833e-003;1.9418e+001;
  1754.040;2.0784e-003;1.9420e+001;
  1756.042;1.9658e-003;1.9431e+001;
  1758.045;1.8413e-003;1.9425e+001;
  1760.047;1.7074e-003;1.9427e+001;
  1762.050;1.5852e-003;1.9431e+001;
  17 85;2.4405e-003;1.9315e+001;
  1600.027;2.4352e-003;1.9326e+001;
  1602.029;2.4341e-003;1.9335e+001;
  1604.032;2.4273e-003;1.9335e+001;
  1606.034;2.4384e-003;1.9342e+001;
  1608.037;2.4322e-003;1.9356e+001;
  1610.100;2.4298e-003;1.9344e+001;
  1612.042;2.4322e-003;1.9344e+001;
  1614.044;2.4307e-003;1.9340e+001;
  1616.047;2.4417e-003;1.9367e+001;
  1618.049;2.4379e-003;1.9358e+001;
  1620.113;2.4287e-003;1.9355e+001;
  1622.054;2.4258e-003;1.9339e+001;
  1624.057;2.4375e-003;1.9338e+001;
  1626.060;2.4408e-003;1.9329e+001;
  1628.062;2.4406e-003;1.9349e+001;
  1630.125;2.4378e-003;1.9348e+001;
  1632.067;2.4306e-003;1.9354e+001;
  1634.070;2.4282e-003;1.9365e+001;
  1636.072;2.4347e-003;1.9352e+001;
  1638.075;2.4295e-003;1.9351e+001;
  1640.138;2.4370e-003;1.9351e+001;
  1642.080;2.4263e-003;1.9350e+001;
  1644.082;2.4363e-003;1.9349e+001;
  1646.024;2.4402e-003;1.9358e+001;
  1648.027;2.4370e-003;1.9368e+001;
  1650.029;2.4354e-003;1.9354e+001;
  1652.032;2.4328e-003;1.9358e+64.052;1.4745e-003;1.9426e+001;
  1766.055;1.3543e-003;1.9433e+001;
  1768.118;1.2409e-003;1.9438e+001;
  1770.060;1.1336e-003;1.9435e+001;
  1772.063;1.0511e-003;1.9447e+001;
  1774.065;9.5160e-004;1.9429e+001;
  1776.068;8.7241e-004;1.9434e+001;
  1778.070;8.0419e-004;1.9431e+001;
  1780.073;7.4736e-004;1.9437e+001;
  1782.075;6.9317e-004;1.9434e+001;
  1784.078;6.4468e-004;1.9436e+001;
  1786.080;5.9926e-004;1.9447e+001;
  1788.022;5.8309e-004;1.9427e+001;
  1790.025;5.4783e-004;1.9432e+001;
  1792.027;5.1894e-004;1.9424e+001;
  1794.030;4.8571e-004;1.9431e+001;
  1796.032;4.6706e-004;1.9434e+001;
  1798.035;4.5152e-004;1.9420e+001;
  1800.037;4.4066e-004;1.9454e+001;
  1802.040;4.2667e-004;1.9434e+001;
  1804.103;4.1506e-004;1.9428e+001;
  1806.045;4.0194e-004;1.9442e+001;
  1808.048;4.1072e-004;1.9443e+001;
  1810.050;4.0187e-004;1.9451e+001;
  1812.053;3.8667e-004;1.9457e+001;
  1814.055;3.8784e-004;1.9447e+001;
  1816.058;3.8953e-004;1.9449e+001;
  1818.060;3.7847e-004;1.9450e+001;
  1820.063;3.8492e-004;1.9462e+001;
  1822.126;3.8994e-004;1.9466e+001;
  1824.068;3.8193e-004;1.9480e+001;
  1826.070;3.7510e-004;1.9463e+001;
  1828.073;3.7619e-004;1.9483e+001;
  1830.075;3.6956e-004;1.9481e+001;
  1832.078;3.7096e-004;1.9479e+001;
  1834.081;3.6855e-004;1.9470e+001;
  1836.022;3.6807e-004;1.9474e+001;
  1838.025;3.6493e-004;1.9487e+001;
  1840.027;3.6322e-004;1.9491e+001;
  1842.030;3.5958e-004;1.9480e+001;
  1844.033;3.5491e-004;1.9476e+001;
  1846.035;3.6940e-004;1.9489e+001;
  1848.038;3.6051e-004;1.9477e+001;
  1850.040;3.5639e-004;1.9473e+001;
  1852.043;3.5956e-004;1.9483e+001;
  1854.045;3.6339e-004;1.9477e+001;
  1856.048;3.5990e-004;1.9480e+001;
  1858.050;3.5985e-004;1.9470e+001;
  1860.053;3.5737e-004;1.9490e+001;
  1862.055;3.6007e-004;1.9470e+001;
  1864.058;3.6586e-004;1.9481e+001;
  1866.060;3.6620e-004;1.9478e+001;
  1868.063;3.6219e-004;1.9481e+001;
  1870.065;3.5769e-004;1.9481e+001;
  1872.129;3.5559e-004;1.9473e+001;hiPo1X
  1874.071;3.5868e-004;1.9469e+001;
  1876.073;3.6163e-004;1.9472e+001;
  1878.076;3.6863e-004;1.9481e+001;
  1880.078;3.9425e-004;1.9478e+001;
  1882.081;4.2989e-004;1.9471e+001;
  1884.023;4.9178e-004;1.9470e+001;
  1886.025;5.9560e-004;1.9467e+001;
  1888.088;7.7797e-004;1.9487e+001;
  1890.030;1.0573e-003;1.9490e+001;
  1892.033;1.4097e-003;1.9468e+001;
  1894.035;1.7844e-003;1.9473e+001;
  1896.038;2.1570e-003;1.9474e+001;
  1898.040;2.5180e-003;1.9485e+001;
  1900.043;2.8163e-003;1.9471e+001;
  1902.106;3.0680e-003;1.9483e+001;
  1904.048;3.2633e-003;1.9488e+001;
  1906.050;3.4318e-003;1.9480e+001;
  1908.053;3.5772e-003;1.9469e+001;
  1910.056;3.6830e-003;1.9486e+001;
  1912.058;3.7748e-003;1.9471e+001;
  1914.061;3.8526e-003;1.9489e+001;
  1916.063;3.9142e-003;1.9485e+001;
  1918.066;3.9633e-003;1.9486e+001;
  1920.068;3.9998e-003;1.9486e+001;
  1922.071;4.0328e-003;1.9496e+001;
  1924.073;4.0542e-003;1.9469e+001;
  1926.136;4.0647e-003;1.9483e+001;
  1928.078;4.0718e-003;1.9490e+001;
  1930.020;4.0889e-003;1.9495e+001;
  1932.023;4.0816e-003;1.9484e+001;
  1934.025;4.0559e-003;1.9494e+001;
  1936.028;4.0858e-003;1.9489e+001;
  1938.030;4.1093e-003;1.9496e+001;
  1940.033;4.1422e-003;1.9487e+001;
  1942.096;4.1639e-003;1.9493e+001;
  1944.038;4.1819e-003;1.9494e+001;
  1946.040;4.1941e-003;1.9487e+001;
  1948.043;4.2084e-003;1.9503e+001;
  1950.046;4.2188e-003;1.9491e+001;
  1952.048;4.2306e-003;1.9497e+001;
  1954.051;4.2270e-003;1.9505e+001;
  1956.053;4.2381e-003;1.9495e+001;
  1958.056;4.2387e-003;1.9492e+001;H20
  1960.058;4.2341e-003;1.9498e+001;
  1962.061;4.2258e-003;1.9509e+001;
  1964.063;4.1932e-003;1.9499e+001;
  1966.066;4.1428e-003;1.9495e+001;
  1968.068;4.0598e-003;1.9506e+001;
  1970.071;3.9355e-003;1.9499e+001;
  1972.073;3.7589e-003;1.9511e+001;
  1974.076;3.5506e-003;1.9499e+001;
  1976.079;3.3351e-003;1.9504e+001;
  1978.081;3.1065e-003;1.9513e+001;
  1980.023;2.8641e-003;1.9514e+001;
  1982.025;2.6341e-003;1.9513e+001;
  1984.028;2.4178e-003;1.9504e+001;
  1986.031;2.1934e-003;1.9520e+001;
  1988.094;1.9733e-003;1.9509e+001;
  1990.036;1.8091e-003;1.9516e+001;
  1992.038;1.6444e-003;1.9538e+001;
  1994.041;1.4902e-003;1.9528e+001;
  1996.104;1.3402e-003;1.9536e+001;
  1998.046;1.2288e-003;1.9542e+001;
  2000.048;1.1172e-003;1.9545e+001;
  2002.051;1.0077e-003;1.9545e+001;
  2004.053;9.2519e-004;1.9536e+001;
  2006.117;8.5118e-004;1.9541e+001;
  2008.058;7.8967e-004;1.9546e+001;
  2010.061;7.3026e-004;1.9549e+001;
  2012.063;6.8299e-004;1.9546e+001;
  2014.066;6.3211e-004;1.9556e+001;
  2016.069;5.9469e-004;1.9569e+001;
  2018.071;5.5841e-004;1.9559e+001;
  2020.074;5.3320e-004;1.9562e+001;
  2022.076;5.1371e-004;1.9572e+001;
  2024.079;4.8932e-004;1.9570e+001;
  2026.081;4.7358e-004;1.9576e+001;
  2028.084;4.4881e-004;1.9573e+001;
  2030.026;4.4722e-004;1.9585e+001;
  2032.028;4.3420e-004;1.9572e+001;
  2034.031;4.2813e-004;1.9580e+001;
  2036.033;4.0833e-004;1.9584e+001;
  2038.036;4.0221e-004;1.9585e+001;
  2040.038;4.0004e-004;1.9591e+001;
  2042.041;3.8104e-004;1.9595e+001;
  2044.043;3.8240e-004;1.9601e+001;
  2046.046;3.7228e-004;1.9608e+001;
  2048.048;3.6085e-004;1.9594e+001;
  2050.051;3.5530e-004;1.9596e+001;
  2052.054;3.5233e-004;1.9617e+001;
  2054.056;3.4460e-004;1.9601e+001;
  2056.059;3.4151e-004;1.9614e+001;
  2058.061;3.4239e-004;1.9602e+001;
  2060.064;3.4149e-004;1.9601e+001;
  2062.066;3.3028e-004;1.9606e+001;
  2064.069;3.3915e-004;1.9609e+001;
  2066.071;3.2232e-004;1.9599e+001;
  2068.074;3.3293e-004;1.9618e+001;
  2070.137;3.2479e-004;1.9630e+001;
  2072.079;3.2118e-004;1.9612e+001;
  2074.021;3.1986e-004;1.9625e+001;
  2076.023;3.1046e-004;1.9622e+001;
  2078.026;3.1197e-004;1.9624e+001;
  2080.089;3.0927e-004;1.9612e+001;
  2082.031;3.1022e-004;1.9614e+001;
  2084.033;3.0770e-004;1.9643e+001;
  2086.036;3.0895e-004;1.9624e+001;
  2088.038;3.0887e-004;1.9632e+001;
  2090.041;3.1141e-004;1.9636e+001;hiPo1X
  2092.044;3.2585e-004;1.9631e+001;
  2094.046;3.6265e-004;1.9622e+001;
  2096.049;4.1720e-004;1.9650e+001;
  2098.051;5.0650e-004;1.9636e+001;
  2100.114;6.7321e-004;1.9640e+001;
  2102.056;9.4922e-004;1.9645e+001;
  2104.059;1.2962e-003;1.9647e+001;
  2106.061;1.6716e-003;1.9648e+001;
  2108.064;2.0374e-003;1.9644e+001;
  2110.066;2.3945e-003;1.9668e+001;
  2112.069;2.6925e-003;1.9649e+001;
  2114.071;2.9340e-003;1.9654e+001;
  2116.074;3.1470e-003;1.9667e+001;
  2118.077;3.3198e-003;1.9659e+001;
  2120.079;3.4614e-003;1.9676e+001;
  2122.021;3.5729e-003;1.9656e+001;
  2124.023;3.6636e-003;1.9661e+001;
  2126.026;3.7336e-003;1.9668e+001;
  2128.029;3.7960e-003;1.9675e+001;
  2130.092;3.8459e-003;1.9676e+001;
  2132.034;3.8819e-003;1.9672e+001;
  2134.036;3.8974e-003;1.9672e+001;
  2136.039;3.9083e-003;1.9678e+001;
  2138.041;3.9097e-003;1.9664e+001;
  2140.044;3.9181e-003;1.9672e+001;
  2142.046;3.9249e-003;1.9679e+001;
  2144.049;3.8815e-003;1.9687e+001;
  2146.051;3.9004e-003;1.9691e+001;
  2148.054;3.9291e-003;1.9665e+001;
  2150.056;3.9663e-003;1.9668e+001;
  2152.059;3.9960e-003;1.9686e+001;
  2154.061;4.0242e-003;1.9671e+001;
  2156.064;4.0416e-003;1.9687e+001;
  2158.067;4.0554e-003;1.9685e+001;
  2160.069;4.0670e-003;1.9686e+001;
  2162.072;4.0790e-003;1.9687e+001;
  2164.074;4.0778e-003;1.9691e+001;
  2166.137;4.0765e-003;1.9700e+001;
  2168.019;4.0886e-003;1.9693e+001;
  2170.021;4.0917e-003;1.9692e+001;H20
  2172.024;4.0673e-003;1.9692e+001;
  2174.026;4.0519e-003;1.9688e+001;
  2176.029;4.0137e-003;1.9697e+001;
  2178.031;3.9287e-003;1.9704e+001;
  2180.094;3.8005e-003;1.9697e+001;
  2182.036;3.6572e-003;1.9698e+001;
  2184.100;3.4744e-003;1.9694e+001;
  2186.041;3.2442e-003;1.9703e+001;
  2188.044;3.0074e-003;1.9698e+001;
  2190.046;2.7905e-003;1.9700e+001;
  2192.049;2.5493e-003;1.9713e+001;
  2194.052;2.3231e-003;1.9694e+001;
  2196.054;2.1141e-003;1.9707e+001;
  2198.057;1.9282e-003;1.9710e+001;
  2200.059;1.7426e-003;1.9710e+001;
  2202.122;1.5646e-003;1.9707e+001;
  2204.064;1.4219e-003;1.9718e+001;
  2206.067;1.2933e-003;1.9720e+001;
  2208.069;1.1550e-003;1.9724e+001;
  2210.072;1.0396e-003;1.9710e+001;
  2212.074;9.4820e-004;1.9720e+001;
  2214.077;8.5792e-004;1.9717e+001;
  2216.019;7.8548e-004;1.9710e+001;
  2218.021;7.1231e-004;1.9721e+001;
  2220.024;6.5759e-004;1.9721e+001;
  2222.087;6.0623e-004;1.9720e+001;
  2224.029;5.6553e-004;1.9723e+001;
  2226.031;5.2651e-004;1.9723e+001;
  2228.095;4.8757e-004;1.9744e+001;
  2230.036;4.5477e-004;1.9729e+001;
  2232.039;4.2588e-004;1.9743e+001;
  2234.042;4.0770e-004;1.9737e+001;
  2236.044;3.9102e-004;1.9740e+001;
  2238.047;3.7210e-004;1.9741e+001;
  2240.049;3.5192e-004;1.9751e+001;
  2242.052;3.3676e-004;1.9750e+001;
  2244.054;3.3691e-004;1.9743e+001;
  2246.057;3.2158e-004;1.9753e+001;
  2248.059;3.1451e-004;1.9746e+001;
  2250.123;2.9122e-004;1.9743e+001;
  2252.064;2.9156e-004;1.9755e+001;
  2254.067;2.8820e-004;1.9743e+001;
  2256.069;2.7862e-004;1.9739e+001;
  2258.072;2.7089e-004;1.9734e+001;
  2260.075;2.7828e-004;1.9751e+001;
  2262.077;2.7053e-004;1.9739e+001;
  2264.019;2.5645e-004;1.9742e+001;
  2266.021;2.5413e-004;1.9739e+001;
  2268.024;2.5147e-004;1.9752e+001;
  2270.027;2.4899e-004;1.9743e+001;
  2272.029;2.4506e-004;1.9750e+001;
  2274.032;2.4063e-004;1.9736e+001;
  2276.034;2.4141e-004;1.9748e+001;
  2278.037;2.3760e-004;1.9746e+001;
  2280.039;2.4262e-004;1.9731e+001;
  2282.042;2.4064e-004;1.9752e+001;
  2284.044;2.3672e-004;1.9743e+001;
  2286.047;2.3159e-004;1.9734e+001;
  2288.049;2.3214e-004;1.9747e+001;
  2290.052;2.2891e-004;1.9737e+001;
  2292.054;2.3442e-004;1.9743e+001;
  2294.057;2.3193e-004;1.9742e+001;
  2296.059;2.3396e-004;1.9731e+001;
  2298.062;2.2135e-004;1.9731e+001;hiPo1X
  2300.065;2.2304e-004;1.9736e+001;
  2302.067;2.3709e-004;1.9729e+001;
  2304.070;2.5647e-004;1.9743e+001;
  2306.072;2.9820e-004;1.9752e+001;
  2308.075;3.7219e-004;1.9743e+001;
  2310.077;4.8934e-004;1.9738e+001;
  2312.080;7.0928e-004;1.9742e+001;
  2314.082;1.0096e-003;1.9760e+001;
  2316.085;1.3906e-003;1.9748e+001;
  2318.027;1.7527e-003;1.9754e+001;
  2320.029;2.0943e-003;1.9772e+001;
  2322.032;2.4193e-003;1.9761e+001;
  2324.095;2.7103e-003;1.9763e+001;
  2326.098;2.9212e-003;1.9763e+001;
  2328.100;3.1074e-003;1.9759e+001;
  2330.103;3.2653e-003;1.9768e+001;
  2332.044;3.3822e-003;1.9753e+001;
  2334.047;3.4790e-003;1.9763e+001;
  2336.110;3.5593e-003;1.9752e+001;
  2338.113;3.6369e-003;1.9766e+001;
  2340.115;3.6738e-003;1.9759e+001;
  2342.057;3.7226e-003;1.9766e+001;
  2344.060;3.7609e-003;1.9777e+001;
  2346.062;3.7986e-003;1.9761e+001;
  2348.065;3.8184e-003;1.9753e+001;
  2350.067;3.8198e-003;1.9764e+001;
  2352.070;3.8302e-003;1.9769e+001;
  2354.133;3.8397e-003;1.9775e+001;
  2356.136;3.8462e-003;1.9773e+001;
  2358.017;3.8463e-003;1.9782e+001;
  2360.019;3.8293e-003;1.9783e+001;
  2362.022;3.8144e-003;1.9786e+001;
  2364.024;3.8464e-003;1.9790e+001;
  2366.027;3.8737e-003;1.9784e+001;
  2368.029;3.8831e-003;1.9789e+001;
  2370.032;3.8993e-003;1.9799e+001;
  2372.034;3.9092e-003;1.9797e+001;
  2374.037;3.9311e-003;1.9788e+001;
  2376.100;3.9481e-003;1.9808e+001;
  2378.042;3.9547e-003;1.9796e+001;
  2380.045;3.9548e-003;1.9796e+001;
  2382.108;3.9533e-003;1.9809e+001;
  2384.050;3.9557e-003;1.9790e+001;
  2386.052;3.9517e-003;1.9796e+001;
  2388.055;3.9508e-003;1.9795e+001;H20
  2390.057;3.9128e-003;1.9805e+001;
  2392.060;3.8751e-003;1.9804e+001;
  2394.062;3.8142e-003;1.9786e+001;
  2396.065;3.7037e-003;1.9789e+001;
  2398.067;3.5513e-003;1.9803e+001;
  2400.070;3.3612e-003;1.9790e+001;
  2402.073;3.1641e-003;1.9790e+001;
  2404.075;2.9447e-003;1.9799e+001;
  2406.017;2.7180e-003;1.9796e+001;
  2408.019;2.4701e-003;1.9787e+001;
  2410.083;2.2646e-003;1.9796e+001;
  2412.025;2.0607e-003;1.9793e+001;
  2414.027;1.8613e-003;1.9799e+001;
  2416.030;1.6763e-003;1.9803e+001;
  2418.032;1.5209e-003;1.9808e+001;
  2420.035;1.3597e-003;1.9798e+001;
  2422.037;1.2095e-003;1.9793e+001;
  2424.040;1.0958e-003;1.9806e+001;
  2426.164;9.7144e.053;1.4554e-004;1.9793e+001;
  2484.055;1.5018e-004;1.9795e+001;
  2486.118;1.4455e-004;1.9790e+001;
  2488.060;1.3987e-004;1.9791e+001;
  2490.063;1.4243e-004;1.9795e+001;
  2492.065;1.3492e-004;1.9764e+001;
  2494.068;1.3271e-004;1.9794e+001;
